-- MySQL dump 10.13  Distrib 5.7.31, for Win64 (x86_64)
--
-- Host: localhost    Database: bjpowernode
-- ------------------------------------------------------
-- Server version	5.7.31-log

/*!40101 SET @OLD_CHARACTER_SET_CLIENT=@@CHARACTER_SET_CLIENT */;
/*!40101 SET @OLD_CHARACTER_SET_RESULTS=@@CHARACTER_SET_RESULTS */;
/*!40101 SET @OLD_COLLATION_CONNECTION=@@COLLATION_CONNECTION */;
/*!40101 SET NAMES utf8 */;
/*!40103 SET @OLD_TIME_ZONE=@@TIME_ZONE */;
/*!40103 SET TIME_ZONE='+00:00' */;
/*!40014 SET @OLD_UNIQUE_CHECKS=@@UNIQUE_CHECKS, UNIQUE_CHECKS=0 */;
/*!40014 SET @OLD_FOREIGN_KEY_CHECKS=@@FOREIGN_KEY_CHECKS, FOREIGN_KEY_CHECKS=0 */;
/*!40101 SET @OLD_SQL_MODE=@@SQL_MODE, SQL_MODE='NO_AUTO_VALUE_ON_ZERO' */;
/*!40111 SET @OLD_SQL_NOTES=@@SQL_NOTES, SQL_NOTES=0 */;

--
-- Table structure for table `dept`
--

DROP TABLE IF EXISTS `dept`;
/*!40101 SET @saved_cs_client     = @@character_set_client */;
/*!40101 SET character_set_client = utf8 */;
CREATE TABLE `dept` (
  `DEPTNO` int(2) NOT NULL,
  `DNAME` varchar(14) DEFAULT NULL,
  `LOC` varchar(13) DEFAULT NULL,
  PRIMARY KEY (`DEPTNO`)
) ENGINE=InnoDB DEFAULT CHARSET=latin1;
/*!40101 SET character_set_client = @saved_cs_client */;

--
-- Dumping data for table `dept`
--

LOCK TABLES `dept` WRITE;
/*!40000 ALTER TABLE `dept` DISABLE KEYS */;
INSERT INTO `dept` VALUES (10,'ACCOUNTING','NEW YORK'),(20,'RESEARCH','DALLAS'),(30,'SALES','CHICAGO'),(40,'OPERATIONS','BOSTON');
/*!40000 ALTER TABLE `dept` ENABLE KEYS */;
UNLOCK TABLES;

--
-- Table structure for table `dept2`
--

DROP TABLE IF EXISTS `dept2`;
/*!40101 SET @saved_cs_client     = @@character_set_client */;
/*!40101 SET character_set_client = utf8 */;
CREATE TABLE `dept2` (
  `DEPTNO` int(2) NOT NULL,
  `DNAME` varchar(14) DEFAULT NULL,
  `LOC` varchar(13) DEFAULT NULL
) ENGINE=InnoDB DEFAULT CHARSET=latin1;
/*!40101 SET character_set_client = @saved_cs_client */;

--
-- Dumping data for table `dept2`
--

LOCK TABLES `dept2` WRITE;
/*!40000 ALTER TABLE `dept2` DISABLE KEYS */;
/*!40000 ALTER TABLE `dept2` ENABLE KEYS */;
UNLOCK TABLES;

--
-- Table structure for table `emp`
--

DROP TABLE IF EXISTS `emp`;
/*!40101 SET @saved_cs_client     = @@character_set_client */;
/*!40101 SET character_set_client = utf8 */;
CREATE TABLE `emp` (
  `EMPNO` int(4) NOT NULL,
  `ENAME` varchar(10) DEFAULT NULL,
  `JOB` varchar(9) DEFAULT NULL,
  `MGR` int(4) DEFAULT NULL,
  `HIREDATE` date DEFAULT NULL,
  `SAL` double(7,2) DEFAULT NULL,
  `COMM` double(7,2) DEFAULT NULL,
  `DEPTNO` int(2) DEFAULT NULL,
  PRIMARY KEY (`EMPNO`),
  KEY `emp_ename_index` (`ENAME`)
) ENGINE=InnoDB DEFAULT CHARSET=latin1;
/*!40101 SET character_set_client = @saved_cs_client */;

--
-- Dumping data for table `emp`
--

LOCK TABLES `emp` WRITE;
/*!40000 ALTER TABLE `emp` DISABLE KEYS */;
INSERT INTO `emp` VALUES (7369,'SMITH','CLERK',7902,'1980-12-17',800.00,NULL,20),(7499,'ALLEN','SALESMAN',7698,'1981-02-20',1600.00,300.00,30),(7521,'WARD','SALESMAN',7698,'1981-02-22',1250.00,500.00,30),(7566,'JONES','MANAGER',7839,'1981-04-02',2975.00,NULL,20),(7654,'MARTIN','SALESMAN',7698,'1981-09-28',1250.00,1400.00,30),(7698,'BLAKE','MANAGER',7839,'1981-05-01',2850.00,NULL,30),(7782,'CLARK','MANAGER',7839,'1981-06-09',1000.00,NULL,10),(7788,'SCOTT','ANALYST',7566,'1987-04-19',3000.00,NULL,20),(7839,'KING','PRESIDENT',NULL,'1981-11-17',1000.00,NULL,10),(7844,'TURNER','SALESMAN',7698,'1981-09-08',1500.00,0.00,30),(7876,'ADAMS','CLERK',7788,'1987-05-23',1100.00,NULL,20),(7900,'JAMES','CLERK',7698,'1981-12-03',950.00,NULL,30),(7902,'FORD','ANALYST',7566,'1981-12-03',3000.00,NULL,20),(7934,'MILLER','CLERK',7782,'1982-01-23',1000.00,NULL,10);
/*!40000 ALTER TABLE `emp` ENABLE KEYS */;
UNLOCK TABLES;

--
-- Table structure for table `emp2`
--

DROP TABLE IF EXISTS `emp2`;
/*!40101 SET @saved_cs_client     = @@character_set_client */;
/*!40101 SET character_set_client = utf8 */;
CREATE TABLE `emp2` (
  `EMPNO` int(4) NOT NULL,
  `ENAME` varchar(10) DEFAULT NULL,
  `JOB` varchar(9) DEFAULT NULL,
  `MGR` int(4) DEFAULT NULL,
  `HIREDATE` date DEFAULT NULL,
  `SAL` double(7,2) DEFAULT NULL,
  `COMM` double(7,2) DEFAULT NULL,
  `DEPTNO` int(2) DEFAULT NULL
) ENGINE=InnoDB DEFAULT CHARSET=latin1;
/*!40101 SET character_set_client = @saved_cs_client */;

--
-- Dumping data for table `emp2`
--

LOCK TABLES `emp2` WRITE;
/*!40000 ALTER TABLE `emp2` DISABLE KEYS */;
/*!40000 ALTER TABLE `emp2` ENABLE KEYS */;
UNLOCK TABLES;

--
-- Temporary table structure for view `emp_dept_view`
--

DROP TABLE IF EXISTS `emp_dept_view`;
/*!50001 DROP VIEW IF EXISTS `emp_dept_view`*/;
SET @saved_cs_client     = @@character_set_client;
SET character_set_client = utf8;
/*!50001 CREATE VIEW `emp_dept_view` AS SELECT 
 1 AS `ename`,
 1 AS `sal`,
 1 AS `dname`*/;
SET character_set_client = @saved_cs_client;

--
-- Table structure for table `salgrade`
--

DROP TABLE IF EXISTS `salgrade`;
/*!40101 SET @saved_cs_client     = @@character_set_client */;
/*!40101 SET character_set_client = utf8 */;
CREATE TABLE `salgrade` (
  `GRADE` int(11) DEFAULT NULL,
  `LOSAL` int(11) DEFAULT NULL,
  `HISAL` int(11) DEFAULT NULL
) ENGINE=InnoDB DEFAULT CHARSET=latin1;
/*!40101 SET character_set_client = @saved_cs_client */;

--
-- Dumping data for table `salgrade`
--

LOCK TABLES `salgrade` WRITE;
/*!40000 ALTER TABLE `salgrade` DISABLE KEYS */;
INSERT INTO `salgrade` VALUES (1,700,1200),(2,1201,1400),(3,1401,2000),(4,2001,3000),(5,3001,9999);
/*!40000 ALTER TABLE `salgrade` ENABLE KEYS */;
UNLOCK TABLES;

--
-- Table structure for table `t_class`
--

DROP TABLE IF EXISTS `t_class`;
/*!40101 SET @saved_cs_client     = @@character_set_client */;
/*!40101 SET character_set_client = utf8 */;
CREATE TABLE `t_class` (
  `classno` int(11) NOT NULL,
  `classname` varchar(255) DEFAULT NULL,
  PRIMARY KEY (`classno`)
) ENGINE=InnoDB DEFAULT CHARSET=latin1;
/*!40101 SET character_set_client = @saved_cs_client */;

--
-- Dumping data for table `t_class`
--

LOCK TABLES `t_class` WRITE;
/*!40000 ALTER TABLE `t_class` DISABLE KEYS */;
INSERT INTO `t_class` VALUES (100,'High School One Class'),(101,'High School Two Class');
/*!40000 ALTER TABLE `t_class` ENABLE KEYS */;
UNLOCK TABLES;

--
-- Table structure for table `t_product`
--

DROP TABLE IF EXISTS `t_product`;
/*!40101 SET @saved_cs_client     = @@character_set_client */;
/*!40101 SET character_set_client = utf8 */;
CREATE TABLE `t_product` (
  `id` int(11) NOT NULL,
  `name` varchar(255) DEFAULT NULL,
  PRIMARY KEY (`id`)
) ENGINE=InnoDB DEFAULT CHARSET=utf8;
/*!40101 SET character_set_client = @saved_cs_client */;

--
-- Dumping data for table `t_product`
--

LOCK TABLES `t_product` WRITE;
/*!40000 ALTER TABLE `t_product` DISABLE KEYS */;
INSERT INTO `t_product` VALUES (1,'张三');
/*!40000 ALTER TABLE `t_product` ENABLE KEYS */;
UNLOCK TABLES;

--
-- Table structure for table `t_student`
--

DROP TABLE IF EXISTS `t_student`;
/*!40101 SET @saved_cs_client     = @@character_set_client */;
/*!40101 SET character_set_client = utf8 */;
CREATE TABLE `t_student` (
  `no` int(11) NOT NULL,
  `name` varchar(255) DEFAULT NULL,
  `classno` int(11) DEFAULT NULL,
  PRIMARY KEY (`no`),
  KEY `classno` (`classno`),
  CONSTRAINT `t_student_ibfk_1` FOREIGN KEY (`classno`) REFERENCES `t_class` (`classno`)
) ENGINE=InnoDB DEFAULT CHARSET=latin1;
/*!40101 SET character_set_client = @saved_cs_client */;

--
-- Dumping data for table `t_student`
--

LOCK TABLES `t_student` WRITE;
/*!40000 ALTER TABLE `t_student` DISABLE KEYS */;
INSERT INTO `t_student` VALUES (1,'jack',100),(2,'lucy',100),(3,'tom',100),(4,'lilei',101),(5,'lusi',101),(6,'xiaoming',101),(7,'Jim',100);
/*!40000 ALTER TABLE `t_student` ENABLE KEYS */;
UNLOCK TABLES;

--
-- Table structure for table `t_user`
--

DROP TABLE IF EXISTS `t_user`;
/*!40101 SET @saved_cs_client     = @@character_set_client */;
/*!40101 SET character_set_client = utf8 */;
CREATE TABLE `t_user` (
  `id` int(11) NOT NULL,
  `name` varchar(255) DEFAULT NULL,
  PRIMARY KEY (`id`)
) ENGINE=InnoDB DEFAULT CHARSET=latin1;
/*!40101 SET character_set_client = @saved_cs_client */;

--
-- Dumping data for table `t_user`
--

LOCK TABLES `t_user` WRITE;
/*!40000 ALTER TABLE `t_user` DISABLE KEYS */;
INSERT INTO `t_user` VALUES (1,'zhangsan');
/*!40000 ALTER TABLE `t_user` ENABLE KEYS */;
UNLOCK TABLES;

--
-- Final view structure for view `emp_dept_view`
--

/*!50001 DROP VIEW IF EXISTS `emp_dept_view`*/;
/*!50001 SET @saved_cs_client          = @@character_set_client */;
/*!50001 SET @saved_cs_results         = @@character_set_results */;
/*!50001 SET @saved_col_connection     = @@collation_connection */;
/*!50001 SET character_set_client      = gbk */;
/*!50001 SET character_set_results     = gbk */;
/*!50001 SET collation_connection      = gbk_chinese_ci */;
/*!50001 CREATE ALGORITHM=UNDEFINED */
/*!50013 DEFINER=`root`@`localhost` SQL SECURITY DEFINER */
/*!50001 VIEW `emp_dept_view` AS select `e`.`ENAME` AS `ename`,`e`.`SAL` AS `sal`,`d`.`DNAME` AS `dname` from (`emp` `e` join `dept` `d` on((`d`.`DEPTNO` = `e`.`DEPTNO`))) */;
/*!50001 SET character_set_client      = @saved_cs_client */;
/*!50001 SET character_set_results     = @saved_cs_results */;
/*!50001 SET collation_connection      = @saved_col_connection */;
/*!40103 SET TIME_ZONE=@OLD_TIME_ZONE */;

/*!40101 SET SQL_MODE=@OLD_SQL_MODE */;
/*!40014 SET FOREIGN_KEY_CHECKS=@OLD_FOREIGN_KEY_CHECKS */;
/*!40014 SET UNIQUE_CHECKS=@OLD_UNIQUE_CHECKS */;
/*!40101 SET CHARACTER_SET_CLIENT=@OLD_CHARACTER_SET_CLIENT */;
/*!40101 SET CHARACTER_SET_RESULTS=@OLD_CHARACTER_SET_RESULTS */;
/*!40101 SET COLLATION_CONNECTION=@OLD_COLLATION_CONNECTION */;
/*!40111 SET SQL_NOTES=@OLD_SQL_NOTES */;

-- Dump completed on 2023-07-24 14:30:18
